PostID,Description,URL
001,"FIRST LINK","https://metalsmithsociety.com/blogs/news/what-to-consider-when-pricing-your-jewelry-line"
002,"SECOND LINK","https://www.halsteadbead.com/articles/pricing-strategy-tips-for-jewelry-business-profitability"
003,"THIRD LINK","https://www.findurings.ph/collections/sterling-silver-rings.html"
004,"Lorem Ipsum","https://upload.wikimedia.org/wikipedia/commons/thumb/5/56/Circle-icons-cloud.svg/2048px-Circle-icons-cloud.svg.png"
005,"Lorem Ipsum","https://upload.wikimedia.org/wikipedia/commons/thumb/5/56/Circle-icons-cloud.svg/2048px-Circle-icons-cloud.svg.png"
006,"Lorem Ipsum","https://upload.wikimedia.org/wikipedia/commons/thumb/5/56/Circle-icons-cloud.svg/2048px-Circle-icons-cloud.svg.png"
007,"Lorem Ipsum","https://upload.wikimedia.org/wikipedia/commons/thumb/5/56/Circle-icons-cloud.svg/2048px-Circle-icons-cloud.svg.png"
008,"Lorem Ipsum","https://upload.wikimedia.org/wikipedia/commons/thumb/5/56/Circle-icons-cloud.svg/2048px-Circle-icons-cloud.svg.png"
009,"Lorem Ipsum","https://upload.wikimedia.org/wikipedia/commons/thumb/5/56/Circle-icons-cloud.svg/2048px-Circle-icons-cloud.svg.png"
010,"Lorem Ipsum","https://upload.wikimedia.org/wikipedia/commons/thumb/5/56/Circle-icons-cloud.svg/2048px-Circle-icons-cloud.svg.png"